product_id,category,unit_cost
P001,Grocery,9.01
P002,Sports,194.13
P003,Fashion,167.33
P004,Grocery,46.41
P005,Beauty,40.46
P006,Books,40.76
P007,Fashion,64.33
P008,Fashion,107.33
P009,Grocery,89.23
P010,Home,61.79
P011,Beauty,124.31
P012,Grocery,32.2
P013,Beauty,61.97
P014,Beauty,76.44
P015,Books,93.93
P016,Fashion,158.11
P017,Sports,43.94
P018,Books,105.28
P019,Books,120.52
P020,Beauty,14.06
